Title,Category,Drive link,Client
Dr Nikhil Dentistry,Podcasts,https://drive.google.com/file/d/1NSb98Ed1U59J6ZVXrFeAqqEuRXaWOTiF/view,Medical education
Dhathri × Times of India,Podcasts,https://drive.google.com/file/d/1-bc7uLi0RFW9B-W_NKnW0zPMzB2UCzGY/view,Interview
LedgerX,Reels,https://drive.google.com/file/d/1EbfVRkwbDG1y3YIoprHnh09OQrkoVOOL/view,Accounting business ad
GMRL Labs,Reels,https://drive.google.com/file/d/1CJ0Kd-9qERPYs6SZ2sFBIW-LRlmpEpLp/view,Medical education
GMRL Labs,Reels,https://drive.google.com/file/d/10YJHtRt6R8BGaLKaJAkyTTJKSvwDzxwk/view,Medical education
Carsaab,Reels,https://drive.google.com/file/d/1YlCyRUWyzQ4eGO7fslqhz43VrQsmJKxv/view,Automotive
Carsaab,Reels,https://drive.google.com/file/d/1S9S3yca_OrmgaSZZqeiLjSIBi8rp3IUJ/view,Automotive
SreeAasram,Reels,https://drive.google.com/file/d/15uoWptzLpMFxkao32ebSnKVRG5q4saIY/view,Medical
Compass Clinic,Ads,https://drive.google.com/file/d/19He-rwEe1hy2ZHN9SFuuSNw5znOFZOw6/view,Meta ad
LA EL Sound Labs,Ads,https://drive.google.com/file/d/1-5RZjau9BfSQBWpbp-XrX_mRQfqL-6bx/view,Meta ad
Logic,Ads,https://drive.google.com/file/d/1ppcY6ZAVuJvIcI0UF0CebBGxlF2EuH-5/view,Meta ad
House of Ed Tech,Ads,https://drive.google.com/file/d/1H_CFkDnPEfFtF18ACeEtioRL7eyNfoRf/view,EdTech ad
Dhathri · Valentine's Day,Theme videos,https://drive.google.com/file/d/1wySYzfu6ApXPrm9XpjyOdHj3b2zqfXwa/view,Theme video
Lilfoot · Maternity,Theme videos,https://drive.google.com/file/d/10wxQlACs4DILBtCnEILDhzYY9qikleM8/view,Theme video
LedgerX · Accounting,Theme videos,https://drive.google.com/file/d/1IN3sBm-IqAG9Y3e2Vpu6CU9Z1y6QXWy6/view,Theme video
